time,process_id,action,resource_id
0,P1,request,R1
1,P2,request,R2
2,P3,request,R3
3,P4,request,R4
4,P5,request,R5
5,P6,request,R6
6,P7,request,R7
7,P8,request,R8
8,P9,request,R9
9,P10,request,R10
10,P11,request,R11
11,P12,request,R12
12,P13,request,R13
13,P14,request,R14
14,P15,request,R15
15,P16,request,R16
16,P17,request,R17
17,P18,request,R18
18,P19,request,R19
19,P20,request,R20
20,P1,request,R2
21,P2,request,R3
22,P3,request,R4
23,P4,request,R5
24,P5,request,R6
25,P6,request,R7
26,P7,request,R8
27,P8,request,R9
28,P9,request,R10
29,P10,request,R11
30,P11,request,R12
31,P12,request,R13
32,P13,request,R14
33,P14,request,R15
34,P15,request,R16
35,P16,request,R17
36,P17,request,R18
37,P18,request,R19
38,P19,request,R20
39,P20,request,R1
40,P4,request,R1
41,P9,request,R8
42,P8,request,R5
43,P4,request,R18
44,P3,request,R19
45,P14,request,R2
46,P1,request,R3
47,P7,request,R8
48,P17,request,R20
49,P1,request,R18
50,P7,request,R18
51,P14,request,R8
52,P15,request,R19
53,P9,request,R1
54,P6,request,R14
55,P11,request,R9
56,P5,request,R7
57,P11,request,R4
58,P3,request,R13
59,P4,request,R12
60,P12,request,R20
61,P9,request,R2
62,P15,request,R18
63,P4,request,R13
64,P3,request,R18
65,P10,request,R20
66,P12,request,R19
67,P7,request,R3
68,P2,request,R8
69,P10,request,R3
70,P8,request,R4
71,P13,request,R9
72,P15,request,R12
73,P6,request,R12
74,P12,request,R7
75,P9,request,R3
76,P20,request,R6
77,P18,request,R8
78,P6,request,R15
79,P13,request,R9
80,P18,request,R8
81,P11,request,R2
82,P8,request,R2
83,P11,request,R13
84,P9,request,R3
85,P7,request,R19
86,P11,request,R7
87,P16,request,R13
88,P15,request,R5
89,P9,request,R5
90,P8,request,R18
91,P18,request,R9
92,P19,request,R14
93,P19,request,R13
94,P12,request,R8
95,P5,request,R17
96,P16,request,R3
97,P2,request,R4
98,P5,request,R6
99,P14,request,R20
100,P3,request,R13
101,P13,request,R20
102,P15,request,R17
103,P9,request,R18
104,P1,request,R4
105,P18,request,R9
106,P11,request,R4
107,P10,request,R14
108,P6,request,R15
109,P1,request,R9
110,P17,request,R6
111,P17,request,R4
112,P10,request,R17
113,P20,request,R7
114,P5,request,R12
115,P6,request,R18
116,P17,request,R1
117,P20,request,R11
118,P16,request,R1
119,P4,request,R12
120,P10,request,R8
121,P2,request,R8
122,P19,request,R3
123,P3,request,R16
124,P3,request,R18
125,P5,request,R5
126,P16,request,R18
127,P6,request,R9
128,P17,request,R20
129,P14,request,R7
130,P18,request,R7
131,P10,request,R13
132,P12,request,R15
133,P17,request,R15
134,P4,request,R8
135,P8,request,R3
136,P11,request,R1
137,P19,request,R18
138,P8,request,R19
139,P8,request,R1
140,P3,request,R2
141,P8,request,R3
142,P2,request,R11
143,P3,request,R17
144,P8,request,R9
145,P16,request,R7
146,P18,request,R5
147,P19,request,R19
148,P16,request,R8
149,P16,request,R14
150,P7,request,R4
151,P4,request,R14
152,P12,request,R14
153,P14,request,R15
154,P2,request,R4
155,P2,request,R13
156,P11,request,R4
157,P8,request,R7
158,P7,request,R18
159,P15,request,R5
160,P14,request,R6
161,P9,request,R15
162,P8,request,R3
163,P15,request,R18
164,P4,request,R2
165,P18,request,R1
166,P3,request,R8
167,P6,request,R14
168,P16,request,R16
169,P7,request,R13
170,P2,request,R6
171,P13,request,R1
172,P13,request,R9
173,P15,request,R10
174,P14,request,R18
175,P16,request,R5
176,P7,request,R10
177,P7,request,R2
178,P19,request,R18
179,P2,request,R11
180,P2,request,R2
181,P19,request,R16
182,P17,request,R17
183,P6,request,R2
184,P17,request,R3
185,P6,request,R3
186,P20,request,R3
187,P8,request,R13
188,P4,request,R19
189,P8,request,R19
190,P20,request,R2
191,P20,request,R3
192,P14,request,R19
193,P19,request,R17
194,P11,request,R9
195,P7,request,R11
196,P8,request,R9
197,P13,request,R5
198,P10,request,R15
199,P11,request,R3
