timestamp,thread_id,thread_type,action,target_resource,resource_type,duration_ms,timeout_threshold
0,P1,WORKER,LOCK,R1,Mutex,null,null
10,P2,WORKER,LOCK,R2,Mutex,null,null
20,P3,WORKER,LOCK,R3,Mutex,null,null
30,P4,WORKER,LOCK,R4,Mutex,null,null
40,P5,WORKER,LOCK,R5,Mutex,null,null
50,P1,WORKER,LOCK,R2,Mutex,null,null
60,P2,WORKER,LOCK,R3,Mutex,null,null
70,P3,WORKER,LOCK,R4,Mutex,null,null
80,P4,WORKER,LOCK,R5,Mutex,null,null
90,P5,WORKER,LOCK,R1,Mutex,null,null
100,P20,WORKER,LOCK,R15,Message_Queue,100,null
102,P14,UI,LOCK,R27,Message_Queue,50,5000
120,P20,WORKER,LOCK,R3,Mutex,100,5000
134,P14,WORKER,LOCK,R27,Message_Queue,500,5000
141,P18,WORKER,LOCK,R16,Message_Queue,100,5000
147,P12,WORKER,LOCK,R26,Mutex,100,5000
166,P3,WORKER,LOCK,R17,Message_Queue,100,5000
176,P11,WORKER,LOCK,R27,Message_Queue,null,5000
190,P17,WORKER,LOCK,R25,Message_Queue,50,5000
193,P16,WORKER,LOCK,R25,Mutex,null,5000
213,P7,WORKER,LOCK,R3,Mutex,50,5000
220,P5,WORKER,LOCK,R7,Message_Queue,100,null
226,P3,UI,LOCK,R2,Mutex,null,5000
239,P15,UI,LOCK,R11,Message_Queue,100,null
250,P9,UI,LOCK,R22,Mutex,null,null
253,P19,UI,LOCK,R1,Mutex,50,5000
261,P16,UI,LOCK,R20,Message_Queue,500,5000
276,P1,WORKER,LOCK,R29,Mutex,50,5000
294,P16,UI,LOCK,R20,Message_Queue,500,null
303,P8,UI,LOCK,R23,Mutex,500,null
307,P6,WORKER,LOCK,R16,Message_Queue,500,5000
310,P4,WORKER,LOCK,R14,Message_Queue,100,5000
318,P12,UI,LOCK,R26,Mutex,100,null
321,P2,WORKER,LOCK,R7,Message_Queue,100,5000
324,P4,WORKER,LOCK,R14,Mutex,100,5000
325,P9,UI,LOCK,R26,Message_Queue,100,5000
334,P14,UI,LOCK,R28,Mutex,null,null
337,P17,UI,LOCK,R24,Message_Queue,500,null
346,P10,WORKER,LOCK,R9,Mutex,null,5000
348,P12,WORKER,LOCK,R10,Mutex,50,null
351,P1,WORKER,LOCK,R8,Message_Queue,50,null
359,P9,UI,LOCK,R1,Mutex,500,null
364,P2,WORKER,LOCK,R6,Mutex,500,5000
368,P6,WORKER,LOCK,R22,Mutex,100,5000
371,P13,WORKER,LOCK,R5,Mutex,100,5000
382,P7,WORKER,LOCK,R18,Mutex,500,null
383,P20,UI,LOCK,R13,Message_Queue,null,null
385,P5,UI,LOCK,R29,Message_Queue,100,5000
398,P1,UI,LOCK,R11,Message_Queue,null,null
403,P20,UI,LOCK,R10,Mutex,null,5000
406,P3,WORKER,LOCK,R18,Message_Queue,100,5000
415,P10,WORKER,LOCK,R23,Message_Queue,50,5000
434,P18,WORKER,LOCK,R24,Mutex,100,null
453,P18,WORKER,LOCK,R19,Mutex,50,null
462,P5,WORKER,LOCK,R9,Mutex,null,5000
463,P14,WORKER,LOCK,R26,Message_Queue,50,null
481,P1,UI,LOCK,R19,Mutex,500,null
490,P7,WORKER,LOCK,R19,Mutex,100,5000
503,P5,WORKER,LOCK,R28,Mutex,null,null
512,P11,WORKER,LOCK,R27,Message_Queue,null,null
532,P20,WORKER,LOCK,R30,Message_Queue,null,5000
549,P15,WORKER,LOCK,R12,Mutex,500,5000
557,P9,WORKER,LOCK,R9,Message_Queue,500,null
576,P3,UI,LOCK,R17,Message_Queue,500,5000
594,P12,UI,LOCK,R23,Mutex,100,5000
597,P16,UI,LOCK,R1,Message_Queue,50,null
611,P8,UI,LOCK,R29,Message_Queue,100,5000
615,P17,UI,LOCK,R8,Message_Queue,100,5000
622,P13,WORKER,LOCK,R11,Message_Queue,50,null
627,P12,UI,LOCK,R18,Message_Queue,500,5000
631,P7,WORKER,LOCK,R25,Message_Queue,100,null
649,P3,UI,LOCK,R23,Mutex,50,null
660,P19,UI,LOCK,R6,Mutex,null,5000
662,P4,UI,LOCK,R11,Message_Queue,500,5000
678,P15,UI,LOCK,R5,Mutex,null,null
679,P4,UI,LOCK,R25,Message_Queue,null,5000
697,P5,UI,LOCK,R18,Message_Queue,null,5000
713,P17,UI,LOCK,R12,Message_Queue,500,5000
722,P17,WORKER,LOCK,R7,Message_Queue,500,5000
725,P4,UI,LOCK,R19,Message_Queue,null,null
744,P9,UI,LOCK,R1,Mutex,50,null
762,P9,WORKER,LOCK,R10,Message_Queue,500,5000
769,P4,WORKER,LOCK,R5,Mutex,50,null
782,P5,UI,LOCK,R18,Message_Queue,500,null
789,P17,WORKER,LOCK,R28,Message_Queue,500,null
805,P5,WORKER,LOCK,R10,Mutex,500,null
807,P10,WORKER,LOCK,R15,Mutex,null,null
811,P16,WORKER,LOCK,R11,Message_Queue,null,5000
819,P14,UI,LOCK,R20,Message_Queue,null,null
831,P13,WORKER,LOCK,R20,Message_Queue,100,5000
836,P6,WORKER,LOCK,R9,Mutex,100,5000
854,P17,WORKER,LOCK,R1,Mutex,50,5000
868,P2,WORKER,LOCK,R23,Mutex,50,null
876,P20,WORKER,LOCK,R14,Message_Queue,500,5000
891,P2,UI,LOCK,R19,Message_Queue,500,5000
896,P12,UI,LOCK,R17,Mutex,50,null
905,P3,UI,LOCK,R5,Message_Queue,50,null
907,P15,UI,LOCK,R17,Message_Queue,null,5000
909,P7,WORKER,LOCK,R11,Mutex,null,null
927,P14,WORKER,LOCK,R25,Message_Queue,100,5000
942,P8,WORKER,LOCK,R15,Message_Queue,500,null
959,P17,WORKER,LOCK,R16,Mutex,null,null
970,P13,WORKER,LOCK,R28,Message_Queue,null,5000
974,P5,WORKER,LOCK,R19,Message_Queue,null,5000
981,P8,UI,LOCK,R28,Mutex,null,null
1000,P2,UI,LOCK,R2,Message_Queue,null,5000
1011,P20,WORKER,LOCK,R30,Mutex,500,5000
1024,P18,WORKER,LOCK,R3,Mutex,null,5000
1040,P19,WORKER,LOCK,R11,Message_Queue,100,null
1058,P6,WORKER,LOCK,R20,Mutex,null,null
1066,P7,UI,LOCK,R23,Mutex,50,5000
1071,P10,WORKER,LOCK,R5,Message_Queue,50,null
1084,P1,WORKER,LOCK,R21,Message_Queue,null,null
1085,P19,UI,LOCK,R19,Mutex,50,5000
1103,P1,UI,LOCK,R9,Message_Queue,500,null
1123,P9,WORKER,LOCK,R22,Mutex,100,5000
1125,P5,WORKER,LOCK,R27,Message_Queue,50,5000
1126,P9,UI,LOCK,R18,Message_Queue,50,null
1143,P6,UI,LOCK,R28,Mutex,500,5000
1145,P3,UI,LOCK,R29,Mutex,null,5000
1146,P4,UI,LOCK,R2,Message_Queue,500,null
1166,P19,WORKER,LOCK,R29,Message_Queue,50,null
1183,P18,WORKER,LOCK,R29,Mutex,100,5000
1199,P5,WORKER,LOCK,R12,Message_Queue,100,null
1202,P9,UI,LOCK,R24,Mutex,500,5000
1218,P17,UI,LOCK,R17,Mutex,500,null
1233,P12,UI,LOCK,R29,Mutex,50,5000
1252,P13,UI,LOCK,R4,Mutex,500,null
1261,P7,WORKER,LOCK,R23,Message_Queue,100,5000
1270,P5,UI,LOCK,R9,Message_Queue,50,5000
1289,P1,UI,LOCK,R4,Message_Queue,null,5000
1304,P5,UI,LOCK,R11,Message_Queue,100,null
1314,P11,WORKER,LOCK,R14,Message_Queue,50,null
1326,P3,UI,LOCK,R22,Mutex,null,null
1334,P5,WORKER,LOCK,R19,Mutex,500,5000
1344,P9,UI,LOCK,R18,Mutex,null,5000
1363,P13,WORKER,LOCK,R1,Mutex,null,null
1368,P12,WORKER,LOCK,R4,Mutex,500,null
1372,P2,WORKER,LOCK,R20,Mutex,500,5000
1381,P4,UI,LOCK,R18,Message_Queue,null,null
1392,P20,WORKER,LOCK,R3,Mutex,100,5000
1403,P2,WORKER,LOCK,R2,Message_Queue,50,null
1410,P1,WORKER,LOCK,R9,Message_Queue,50,null
1411,P6,WORKER,LOCK,R8,Mutex,100,5000
1413,P14,UI,LOCK,R11,Mutex,500,null
1418,P12,UI,LOCK,R18,Mutex,500,null
1432,P1,WORKER,LOCK,R11,Mutex,100,5000
1434,P11,WORKER,LOCK,R21,Message_Queue,500,5000
1439,P16,WORKER,LOCK,R30,Message_Queue,null,null
1448,P14,WORKER,LOCK,R24,Message_Queue,50,null
1468,P1,WORKER,LOCK,R26,Mutex,500,null
1487,P7,WORKER,LOCK,R17,Mutex,50,5000
1499,P5,WORKER,LOCK,R28,Message_Queue,500,5000
1504,P5,WORKER,LOCK,R15,Message_Queue,500,5000
1508,P9,WORKER,LOCK,R27,Mutex,500,null
1522,P18,UI,LOCK,R29,Message_Queue,100,5000
1542,P8,WORKER,LOCK,R12,Message_Queue,50,null
1552,P17,UI,LOCK,R15,Mutex,100,null
1556,P1,UI,LOCK,R28,Mutex,50,5000
1576,P2,WORKER,LOCK,R5,Mutex,50,null
1594,P3,UI,LOCK,R15,Mutex,500,5000
1611,P4,UI,LOCK,R4,Mutex,null,null
1631,P18,UI,LOCK,R3,Message_Queue,50,null
1642,P13,UI,LOCK,R15,Mutex,50,5000
1657,P5,WORKER,LOCK,R14,Message_Queue,100,null
1662,P13,UI,LOCK,R13,Message_Queue,100,null
1665,P12,WORKER,LOCK,R10,Message_Queue,100,null
1683,P16,WORKER,LOCK,R11,Mutex,500,5000
1701,P10,UI,LOCK,R24,Message_Queue,500,null
1720,P16,WORKER,LOCK,R10,Message_Queue,500,null
1727,P7,UI,LOCK,R26,Mutex,100,5000
1729,P20,UI,LOCK,R7,Mutex,50,null
1734,P1,UI,LOCK,R29,Message_Queue,100,null
1736,P11,WORKER,LOCK,R3,Mutex,500,5000
1745,P8,UI,LOCK,R9,Mutex,null,5000
1759,P5,WORKER,LOCK,R14,Message_Queue,null,null
1766,P10,UI,LOCK,R1,Mutex,100,5000
1785,P1,UI,LOCK,R23,Message_Queue,null,5000
1788,P10,WORKER,LOCK,R24,Mutex,100,5000
1797,P15,UI,LOCK,R18,Message_Queue,100,5000
1802,P8,UI,LOCK,R17,Message_Queue,100,null
1815,P1,WORKER,LOCK,R28,Mutex,100,null
1820,P2,WORKER,LOCK,R10,Mutex,50,5000
1821,P19,UI,LOCK,R21,Message_Queue,100,null
1841,P16,WORKER,LOCK,R21,Mutex,500,null
1853,P3,UI,LOCK,R19,Mutex,100,null
1857,P19,WORKER,LOCK,R10,Message_Queue,100,null
1872,P10,WORKER,LOCK,R23,Mutex,100,null
1876,P4,WORKER,LOCK,R7,Message_Queue,null,5000
1878,P19,WORKER,LOCK,R6,Message_Queue,100,null
1896,P5,UI,LOCK,R21,Mutex,null,null
1913,P1,WORKER,LOCK,R14,Mutex,50,null
1930,P11,UI,LOCK,R4,Message_Queue,50,null
1940,P11,UI,LOCK,R20,Message_Queue,500,5000
1953,P16,WORKER,LOCK,R30,Message_Queue,50,5000
1963,P15,WORKER,LOCK,R4,Message_Queue,500,null
1970,P9,UI,LOCK,R15,Mutex,100,5000
1979,P8,UI,LOCK,R6,Mutex,500,null
1993,P4,UI,LOCK,R29,Message_Queue,500,null
2010,P9,UI,LOCK,R15,Mutex,50,5000
2030,P12,UI,LOCK,R29,Message_Queue,null,5000
2031,P9,UI,LOCK,R19,Message_Queue,500,5000
2040,P17,UI,LOCK,R22,Message_Queue,null,5000
2041,P1,WORKER,LOCK,R1,Message_Queue,50,null
2047,P2,UI,LOCK,R21,Mutex,50,5000
2048,P13,UI,LOCK,R7,Mutex,500,null
2067,P18,WORKER,LOCK,R20,Mutex,null,null
2081,P17,WORKER,LOCK,R25,Mutex,50,5000
2090,P7,WORKER,LOCK,R17,Mutex,null,null
2091,P6,UI,LOCK,R6,Mutex,50,null
2101,P3,UI,LOCK,R15,Message_Queue,500,null
2108,P8,WORKER,LOCK,R21,Message_Queue,50,null
2117,P6,UI,LOCK,R17,Mutex,500,null
2128,P4,UI,LOCK,R13,Mutex,100,null
2135,P14,UI,LOCK,R1,Message_Queue,100,null
2137,P20,WORKER,LOCK,R30,Mutex,100,5000
2154,P7,WORKER,LOCK,R20,Message_Queue,500,5000
2165,P15,UI,LOCK,R24,Mutex,100,5000
2168,P16,WORKER,LOCK,R27,Mutex,100,5000
2174,P20,UI,LOCK,R26,Message_Queue,null,null
2176,P20,WORKER,LOCK,R5,Message_Queue,500,null
2190,P7,UI,LOCK,R21,Message_Queue,null,5000
2208,P10,WORKER,LOCK,R20,Mutex,500,5000
2221,P11,UI,LOCK,R4,Mutex,500,null
2241,P20,UI,LOCK,R12,Message_Queue,50,5000
2257,P8,WORKER,LOCK,R9,Mutex,100,null
2266,P10,WORKER,LOCK,R26,Mutex,null,null
2286,P5,UI,LOCK,R1,Mutex,500,5000
2303,P11,WORKER,LOCK,R20,Mutex,500,5000
2305,P13,UI,LOCK,R20,Mutex,50,null
2315,P19,WORKER,LOCK,R1,Mutex,50,null
2326,P14,UI,LOCK,R24,Mutex,500,5000
2344,P19,WORKER,LOCK,R11,Mutex,100,null
2362,P8,WORKER,LOCK,R30,Message_Queue,500,5000
2378,P3,UI,LOCK,R19,Mutex,null,null
2387,P4,UI,LOCK,R14,Mutex,500,null
2404,P9,UI,LOCK,R18,Mutex,500,5000
2419,P18,UI,LOCK,R11,Mutex,null,null
2433,P9,UI,LOCK,R8,Mutex,50,null
2443,P11,WORKER,LOCK,R13,Message_Queue,100,null
2462,P7,WORKER,LOCK,R13,Message_Queue,50,5000
2470,P17,UI,LOCK,R10,Message_Queue,null,5000
2486,P8,WORKER,LOCK,R15,Mutex,500,null
2489,P20,UI,LOCK,R26,Message_Queue,null,null
2492,P10,UI,LOCK,R30,Mutex,null,null
2506,P11,WORKER,LOCK,R19,Message_Queue,500,null
2514,P13,WORKER,LOCK,R3,Mutex,100,5000
2527,P11,WORKER,LOCK,R17,Mutex,100,null
2544,P12,WORKER,LOCK,R10,Mutex,50,null
2557,P17,UI,LOCK,R25,Message_Queue,500,5000
2563,P2,UI,LOCK,R3,Message_Queue,50,null
2569,P9,UI,LOCK,R9,Mutex,500,5000
2578,P17,WORKER,LOCK,R29,Mutex,500,5000
2591,P10,UI,LOCK,R17,Mutex,null,null
2602,P6,UI,LOCK,R13,Mutex,500,null
2603,P12,UI,LOCK,R9,Message_Queue,50,null
2612,P9,WORKER,LOCK,R23,Message_Queue,50,null
2614,P16,WORKER,LOCK,R26,Message_Queue,null,null
2620,P18,UI,LOCK,R28,Message_Queue,100,null
2631,P19,UI,LOCK,R29,Mutex,50,null
2636,P17,UI,LOCK,R6,Mutex,500,5000
2645,P15,UI,LOCK,R28,Mutex,500,5000
2658,P8,UI,LOCK,R30,Message_Queue,100,5000
2661,P3,UI,LOCK,R22,Mutex,100,null
2670,P18,UI,LOCK,R21,Mutex,50,null
2675,P11,WORKER,LOCK,R19,Message_Queue,100,null
2681,P1,WORKER,LOCK,R26,Mutex,500,5000
2688,P17,WORKER,LOCK,R12,Mutex,500,null
2694,P13,UI,LOCK,R17,Message_Queue,100,null
2696,P10,UI,LOCK,R7,Message_Queue,500,null
2716,P7,WORKER,LOCK,R10,Mutex,50,null
2735,P15,UI,LOCK,R18,Mutex,100,5000
2746,P5,UI,LOCK,R26,Mutex,500,null
2758,P4,WORKER,LOCK,R9,Mutex,500,null
2770,P17,UI,LOCK,R2,Mutex,500,null
2785,P3,UI,LOCK,R6,Mutex,100,null
2790,P14,WORKER,LOCK,R22,Message_Queue,50,5000
2810,P20,UI,LOCK,R30,Mutex,50,null
2818,P15,UI,LOCK,R8,Message_Queue,50,null
2827,P11,UI,LOCK,R19,Mutex,null,null
2831,P20,WORKER,LOCK,R23,Mutex,500,null
2835,P8,UI,LOCK,R20,Message_Queue,null,5000
2854,P9,UI,LOCK,R22,Message_Queue,500,null
2856,P6,UI,LOCK,R22,Message_Queue,500,null
2873,P20,UI,LOCK,R5,Message_Queue,500,null
2893,P7,UI,LOCK,R30,Message_Queue,null,null
2911,P20,WORKER,LOCK,R16,Message_Queue,100,null
2912,P9,WORKER,LOCK,R24,Message_Queue,null,null
2926,P4,WORKER,LOCK,R1,Message_Queue,100,null
2931,P7,UI,LOCK,R17,Message_Queue,100,null
2944,P17,UI,LOCK,R11,Message_Queue,100,5000
2954,P10,UI,LOCK,R12,Mutex,50,5000
2960,P1,UI,LOCK,R25,Mutex,100,5000
2963,P17,UI,LOCK,R18,Message_Queue,500,5000
2968,P4,UI,LOCK,R10,Message_Queue,null,null
2986,P16,WORKER,LOCK,R28,Mutex,100,null
2995,P2,WORKER,LOCK,R8,Mutex,100,null
3009,P12,WORKER,LOCK,R5,Mutex,500,null
3012,P19,WORKER,LOCK,R21,Mutex,null,null
3016,P20,WORKER,LOCK,R13,Message_Queue,50,5000
3036,P3,UI,LOCK,R17,Message_Queue,50,5000
3045,P7,UI,LOCK,R27,Mutex,50,5000
3046,P4,UI,LOCK,R18,Mutex,null,null
3048,P13,WORKER,LOCK,R9,Message_Queue,null,null
3055,P19,UI,LOCK,R11,Mutex,null,null
3071,P14,WORKER,LOCK,R29,Message_Queue,100,5000
3090,P10,UI,LOCK,R1,Message_Queue,100,5000
3106,P11,WORKER,LOCK,R9,Mutex,50,5000
3118,P19,WORKER,LOCK,R18,Message_Queue,100,null
3135,P12,UI,LOCK,R29,Message_Queue,null,5000
3139,P10,UI,LOCK,R3,Message_Queue,null,5000
3159,P16,WORKER,LOCK,R10,Message_Queue,100,null
3164,P3,WORKER,LOCK,R13,Mutex,100,null
3172,P6,WORKER,LOCK,R2,Message_Queue,100,5000
3177,P19,WORKER,LOCK,R22,Message_Queue,500,null
3179,P12,WORKER,LOCK,R13,Message_Queue,null,5000
3199,P7,WORKER,LOCK,R7,Message_Queue,null,5000
3216,P6,WORKER,LOCK,R29,Message_Queue,500,null
3234,P11,WORKER,LOCK,R21,Message_Queue,50,null
3243,P8,UI,LOCK,R1,Mutex,null,null
3260,P1,UI,LOCK,R12,Message_Queue,100,5000
3276,P11,WORKER,LOCK,R12,Mutex,null,5000
3291,P16,UI,LOCK,R12,Mutex,null,5000
3307,P20,WORKER,LOCK,R24,Message_Queue,100,5000
3318,P13,WORKER,LOCK,R9,Mutex,50,null
3323,P13,UI,LOCK,R3,Mutex,500,5000
3335,P3,WORKER,LOCK,R23,Mutex,null,5000
3355,P18,WORKER,LOCK,R14,Mutex,50,5000
3367,P17,UI,LOCK,R2,Message_Queue,null,5000
3385,P16,UI,LOCK,R18,Message_Queue,null,null
3398,P13,UI,LOCK,R2,Mutex,100,null
3404,P11,UI,LOCK,R2,Message_Queue,null,5000
3420,P8,UI,LOCK,R9,Mutex,null,5000
3421,P20,WORKER,LOCK,R23,Mutex,500,null
3431,P9,WORKER,LOCK,R28,Message_Queue,500,null
3442,P16,UI,LOCK,R6,Mutex,500,null
3456,P6,WORKER,LOCK,R17,Message_Queue,500,5000
3462,P9,UI,LOCK,R5,Message_Queue,50,null
3478,P16,WORKER,LOCK,R21,Mutex,500,null
3479,P7,UI,LOCK,R28,Mutex,500,5000
3499,P11,UI,LOCK,R13,Mutex,50,null
3505,P17,WORKER,LOCK,R17,Message_Queue,100,5000
3521,P13,UI,LOCK,R15,Mutex,50,5000
3528,P20,WORKER,LOCK,R18,Message_Queue,100,null
3533,P7,UI,LOCK,R9,Message_Queue,500,5000
3535,P8,WORKER,LOCK,R23,Mutex,500,5000
3554,P12,UI,LOCK,R13,Mutex,null,null
3565,P5,UI,LOCK,R25,Mutex,100,null
3574,P7,UI,LOCK,R25,Mutex,100,5000
3591,P19,UI,LOCK,R17,Message_Queue,50,5000
3600,P9,UI,LOCK,R17,Message_Queue,500,null
3609,P17,UI,LOCK,R13,Message_Queue,500,null
3616,P10,WORKER,LOCK,R19,Message_Queue,50,null
3618,P5,WORKER,LOCK,R17,Mutex,100,null
3622,P5,UI,LOCK,R9,Message_Queue,null,5000
3623,P2,WORKER,LOCK,R5,Mutex,100,5000
3635,P2,UI,LOCK,R19,Mutex,50,null
3642,P15,WORKER,LOCK,R22,Mutex,500,null
3656,P9,WORKER,LOCK,R23,Message_Queue,null,null
3660,P17,WORKER,LOCK,R14,Mutex,50,null
3672,P12,UI,LOCK,R20,Message_Queue,null,5000
3688,P20,UI,LOCK,R6,Mutex,null,null
3689,P16,WORKER,LOCK,R5,Mutex,null,5000
3707,P7,WORKER,LOCK,R1,Mutex,50,5000
3710,P20,WORKER,LOCK,R14,Mutex,100,null
3726,P5,WORKER,LOCK,R5,Message_Queue,null,null
3728,P3,UI,LOCK,R20,Message_Queue,50,null
3748,P13,UI,LOCK,R25,Mutex,100,null
3766,P5,WORKER,LOCK,R18,Mutex,500,null
3767,P12,WORKER,LOCK,R8,Mutex,100,null
3776,P11,UI,LOCK,R14,Message_Queue,500,null
3795,P8,UI,LOCK,R29,Mutex,100,null
3813,P16,UI,LOCK,R19,Mutex,500,null
3820,P4,UI,LOCK,R28,Message_Queue,null,5000
3828,P15,UI,LOCK,R17,Message_Queue,null,5000
3846,P14,UI,LOCK,R3,Mutex,500,null
3864,P11,WORKER,LOCK,R1,Mutex,50,null
3867,P17,UI,LOCK,R10,Message_Queue,100,null
3879,P13,WORKER,LOCK,R19,Message_Queue,100,null
3885,P3,WORKER,LOCK,R2,Mutex,null,5000
3896,P5,WORKER,LOCK,R14,Message_Queue,100,null
3914,P12,WORKER,LOCK,R6,Message_Queue,500,5000
3917,P19,WORKER,LOCK,R26,Mutex,500,null
3919,P19,WORKER,LOCK,R13,Message_Queue,50,5000
3939,P8,WORKER,LOCK,R9,Mutex,100,5000
3955,P14,UI,LOCK,R8,Message_Queue,500,null
3964,P19,UI,LOCK,R11,Mutex,100,5000
3965,P19,WORKER,LOCK,R17,Mutex,50,null
3968,P15,UI,LOCK,R27,Mutex,500,5000
3979,P6,WORKER,LOCK,R26,Mutex,null,5000
3988,P11,UI,LOCK,R11,Mutex,50,null
4005,P11,WORKER,LOCK,R2,Message_Queue,500,5000
4011,P19,WORKER,LOCK,R6,Message_Queue,50,null
4028,P15,WORKER,LOCK,R17,Message_Queue,null,5000
4042,P11,WORKER,LOCK,R1,Message_Queue,50,null
4053,P12,WORKER,LOCK,R21,Message_Queue,50,5000
4059,P15,UI,LOCK,R30,Mutex,100,null
4068,P14,WORKER,LOCK,R14,Mutex,50,5000
4088,P18,UI,LOCK,R19,Mutex,null,null
4093,P13,UI,LOCK,R21,Message_Queue,100,null
4111,P6,UI,LOCK,R29,Message_Queue,50,5000
4129,P15,UI,LOCK,R19,Message_Queue,500,5000
4137,P9,WORKER,LOCK,R23,Message_Queue,50,5000
4151,P3,UI,LOCK,R23,Message_Queue,null,5000
4159,P17,WORKER,LOCK,R25,Message_Queue,500,null
4164,P11,WORKER,LOCK,R6,Mutex,500,5000
4176,P18,UI,LOCK,R10,Message_Queue,50,null
4185,P19,WORKER,LOCK,R15,Message_Queue,50,5000
4187,P9,WORKER,LOCK,R22,Message_Queue,null,null
4190,P19,WORKER,LOCK,R29,Message_Queue,100,5000
4206,P6,WORKER,LOCK,R10,Mutex,500,null
4209,P19,WORKER,LOCK,R3,Message_Queue,500,null
4215,P8,WORKER,LOCK,R9,Mutex,500,5000
4216,P9,WORKER,LOCK,R11,Mutex,50,null
4225,P2,WORKER,LOCK,R1,Message_Queue,100,5000
4233,P20,WORKER,LOCK,R4,Mutex,500,5000
4253,P7,WORKER,LOCK,R1,Message_Queue,50,null
4266,P6,WORKER,LOCK,R15,Message_Queue,100,null
4269,P18,UI,LOCK,R22,Mutex,50,null
4273,P2,UI,LOCK,R9,Mutex,null,null
4289,P1,UI,LOCK,R25,Mutex,100,null
4308,P2,WORKER,LOCK,R11,Message_Queue,500,null
4309,P8,UI,LOCK,R11,Message_Queue,500,5000
4310,P6,WORKER,LOCK,R19,Mutex,null,null
4315,P14,WORKER,LOCK,R5,Message_Queue,null,5000
4323,P2,UI,LOCK,R3,Mutex,100,null
4331,P11,WORKER,LOCK,R25,Message_Queue,50,5000
4350,P16,WORKER,LOCK,R24,Message_Queue,null,null
4360,P17,WORKER,LOCK,R28,Message_Queue,100,null
4372,P13,WORKER,LOCK,R4,Message_Queue,null,5000
4384,P20,UI,LOCK,R1,Mutex,500,null
4391,P8,UI,LOCK,R22,Mutex,null,5000
4410,P9,UI,LOCK,R15,Mutex,500,null
4421,P6,UI,LOCK,R13,Message_Queue,null,null
4441,P7,WORKER,LOCK,R28,Mutex,null,null
4452,P5,WORKER,LOCK,R29,Message_Queue,500,5000
4472,P15,WORKER,LOCK,R27,Message_Queue,500,null
4483,P3,UI,LOCK,R20,Message_Queue,50,5000
4489,P18,UI,LOCK,R15,Message_Queue,100,null
4503,P2,UI,LOCK,R20,Message_Queue,500,null
4505,P13,WORKER,LOCK,R1,Message_Queue,null,5000
4511,P3,UI,LOCK,R23,Mutex,null,5000
4526,P9,UI,LOCK,R5,Message_Queue,50,null
4529,P15,UI,LOCK,R9,Mutex,100,5000
4533,P10,UI,LOCK,R14,Mutex,null,null
4541,P11,WORKER,LOCK,R23,Message_Queue,500,null
4555,P14,WORKER,LOCK,R17,Message_Queue,null,5000
4565,P19,WORKER,LOCK,R8,Message_Queue,50,null
4573,P19,UI,LOCK,R29,Message_Queue,100,5000
4591,P20,UI,LOCK,R4,Message_Queue,50,null
4599,P11,WORKER,LOCK,R17,Message_Queue,500,5000
4602,P20,WORKER,LOCK,R6,Message_Queue,50,null
4620,P2,WORKER,LOCK,R3,Mutex,100,5000
4637,P9,UI,LOCK,R15,Mutex,null,5000
4642,P15,WORKER,LOCK,R4,Message_Queue,500,5000
4656,P12,UI,LOCK,R28,Message_Queue,50,null
4674,P4,WORKER,LOCK,R4,Message_Queue,null,null
4689,P11,WORKER,LOCK,R17,Mutex,500,5000
4705,P9,WORKER,LOCK,R4,Message_Queue,100,null
4722,P1,WORKER,LOCK,R14,Mutex,null,5000
4734,P10,WORKER,LOCK,R1,Mutex,null,5000
4744,P13,WORKER,LOCK,R23,Message_Queue,100,null
4755,P11,WORKER,LOCK,R10,Mutex,500,null
4762,P3,UI,LOCK,R23,Message_Queue,50,null
4768,P2,UI,LOCK,R28,Mutex,50,5000
4770,P10,UI,LOCK,R5,Mutex,100,5000
4784,P16,WORKER,LOCK,R19,Mutex,50,null
4787,P9,UI,LOCK,R13,Mutex,null,5000
4803,P5,UI,LOCK,R8,Message_Queue,100,null
4822,P20,WORKER,LOCK,R4,Mutex,null,5000
4836,P19,UI,LOCK,R24,Mutex,50,null
4838,P11,UI,LOCK,R16,Message_Queue,null,null
4841,P2,UI,LOCK,R8,Message_Queue,50,5000
4857,P19,UI,LOCK,R2,Mutex,100,5000
4869,P6,UI,LOCK,R11,Mutex,50,5000
4871,P19,UI,LOCK,R5,Message_Queue,500,null
4890,P9,WORKER,LOCK,R3,Message_Queue,null,5000
4900,P10,WORKER,LOCK,R4,Mutex,50,null
4915,P8,WORKER,LOCK,R3,Mutex,null,null
4930,P4,WORKER,LOCK,R29,Mutex,null,5000
4942,P14,WORKER,LOCK,R7,Message_Queue,null,null
4947,P13,UI,LOCK,R9,Message_Queue,100,null
4954,P3,UI,LOCK,R3,Message_Queue,null,5000
4974,P15,WORKER,LOCK,R15,Mutex,100,5000
4989,P17,WORKER,LOCK,R23,Mutex,100,null
4991,P11,UI,LOCK,R2,Mutex,100,null
5011,P5,UI,LOCK,R30,Message_Queue,50,null
5017,P2,WORKER,LOCK,R9,Message_Queue,null,5000
5032,P8,WORKER,LOCK,R16,Mutex,null,5000
5046,P7,UI,LOCK,R1,Mutex,100,5000
5055,P14,WORKER,LOCK,R12,Message_Queue,null,5000
5068,P18,WORKER,LOCK,R7,Message_Queue,100,null
5077,P13,UI,LOCK,R26,Mutex,50,null
5084,P19,UI,LOCK,R14,Message_Queue,500,5000
5090,P9,UI,LOCK,R25,Mutex,500,5000
5098,P10,UI,LOCK,R28,Message_Queue,500,5000
5117,P15,UI,LOCK,R28,Mutex,50,5000
5122,P10,UI,LOCK,R11,Mutex,null,5000
5140,P8,UI,LOCK,R1,Mutex,50,null
5151,P4,WORKER,LOCK,R19,Mutex,null,5000
5166,P16,UI,LOCK,R4,Message_Queue,500,5000
5174,P20,WORKER,LOCK,R3,Message_Queue,500,null
5179,P5,UI,LOCK,R26,Mutex,50,5000
5184,P5,WORKER,LOCK,R18,Mutex,100,5000
5199,P14,WORKER,LOCK,R24,Message_Queue,null,5000
5209,P6,UI,LOCK,R8,Message_Queue,null,null
5227,P7,WORKER,LOCK,R18,Mutex,100,5000
5241,P20,UI,LOCK,R5,Mutex,50,5000
5261,P12,WORKER,LOCK,R15,Mutex,50,null
5266,P20,UI,LOCK,R26,Mutex,500,null
5284,P2,WORKER,LOCK,R14,Mutex,null,5000
5301,P15,WORKER,LOCK,R25,Message_Queue,500,null
5309,P5,WORKER,LOCK,R28,Message_Queue,50,null
5314,P11,UI,LOCK,R22,Mutex,null,null
5317,P14,UI,LOCK,R17,Message_Queue,50,null
5336,P8,WORKER,LOCK,R17,Mutex,500,5000
5344,P1,UI,LOCK,R29,Mutex,null,null
5363,P15,UI,LOCK,R8,Message_Queue,50,null
5367,P5,WORKER,LOCK,R30,Mutex,50,null
5376,P3,WORKER,LOCK,R15,Mutex,500,null
5391,P6,UI,LOCK,R28,Mutex,null,null
5411,P5,UI,LOCK,R14,Mutex,50,5000
5417,P9,UI,LOCK,R11,Message_Queue,500,5000
5431,P10,WORKER,LOCK,R3,Mutex,100,5000
5440,P13,UI,LOCK,R21,Message_Queue,50,null
5453,P11,UI,LOCK,R16,Mutex,500,5000
5470,P14,UI,LOCK,R10,Mutex,50,5000
5474,P13,WORKER,LOCK,R22,Mutex,null,null
5479,P14,UI,LOCK,R13,Message_Queue,500,5000
5484,P3,WORKER,LOCK,R22,Message_Queue,50,null
5485,P7,UI,LOCK,R9,Message_Queue,50,5000
5498,P12,WORKER,LOCK,R29,Mutex,100,null
5505,P11,WORKER,LOCK,R14,Mutex,50,5000
5513,P13,WORKER,LOCK,R10,Message_Queue,100,null
5532,P17,UI,LOCK,R26,Mutex,500,null
5536,P8,WORKER,LOCK,R24,Mutex,500,5000
5540,P18,WORKER,LOCK,R9,Mutex,500,null
5550,P4,WORKER,LOCK,R9,Mutex,500,5000
5556,P12,UI,LOCK,R17,Message_Queue,50,null
5561,P10,WORKER,LOCK,R19,Message_Queue,50,5000
5570,P15,WORKER,LOCK,R2,Message_Queue,500,null
5589,P18,WORKER,LOCK,R6,Mutex,50,5000
5600,P3,WORKER,LOCK,R7,Mutex,null,5000
5610,P7,WORKER,LOCK,R4,Message_Queue,500,5000
5620,P2,UI,LOCK,R4,Message_Queue,100,5000
5639,P16,UI,LOCK,R18,Message_Queue,100,5000
5657,P15,WORKER,LOCK,R1,Mutex,100,5000
5669,P14,UI,LOCK,R27,Mutex,500,5000
5682,P14,WORKER,LOCK,R16,Message_Queue,500,5000
5691,P11,UI,LOCK,R21,Message_Queue,500,null
5706,P18,UI,LOCK,R15,Mutex,100,null
5711,P4,UI,LOCK,R13,Message_Queue,null,null
5721,P13,UI,LOCK,R26,Mutex,100,5000
5729,P5,UI,LOCK,R21,Mutex,500,null
5736,P3,WORKER,LOCK,R7,Message_Queue,50,null
5752,P12,WORKER,LOCK,R30,Mutex,50,5000
5759,P1,WORKER,LOCK,R1,Message_Queue,null,5000
5768,P20,UI,LOCK,R20,Mutex,100,5000
5782,P15,UI,LOCK,R11,Mutex,null,null
5800,P18,UI,LOCK,R8,Mutex,500,5000
5813,P17,WORKER,LOCK,R30,Mutex,500,5000
5821,P2,UI,LOCK,R6,Mutex,null,5000
5834,P20,WORKER,LOCK,R14,Mutex,100,5000
5841,P6,UI,LOCK,R7,Message_Queue,100,5000
5847,P8,WORKER,LOCK,R8,Mutex,50,5000
5867,P13,UI,LOCK,R12,Message_Queue,500,null
5884,P8,UI,LOCK,R22,Mutex,50,5000
5902,P6,UI,LOCK,R17,Message_Queue,500,null
5914,P20,UI,LOCK,R30,Message_Queue,100,null
5929,P12,UI,LOCK,R16,Message_Queue,500,5000
5946,P5,WORKER,LOCK,R2,Mutex,null,5000
5948,P1,UI,LOCK,R26,Message_Queue,500,null
5957,P7,WORKER,LOCK,R17,Mutex,50,5000
5971,P3,WORKER,LOCK,R17,Message_Queue,50,5000
5988,P11,WORKER,LOCK,R18,Mutex,50,null
6004,P5,UI,LOCK,R9,Message_Queue,null,5000
6008,P11,WORKER,LOCK,R18,Mutex,100,5000
6017,P6,UI,LOCK,R17,Message_Queue,null,5000
6034,P12,WORKER,LOCK,R2,Mutex,null,null
6038,P4,UI,LOCK,R5,Mutex,500,5000
6047,P12,WORKER,LOCK,R24,Message_Queue,500,5000
6062,P16,UI,LOCK,R20,Mutex,100,null
6078,P6,UI,LOCK,R24,Message_Queue,50,5000
6093,P18,UI,LOCK,R19,Message_Queue,null,5000
6105,P4,WORKER,LOCK,R29,Message_Queue,500,null
6120,P2,UI,LOCK,R15,Mutex,50,null
6128,P7,WORKER,LOCK,R4,Mutex,null,null
6142,P2,UI,LOCK,R19,Message_Queue,null,5000
6156,P13,WORKER,LOCK,R6,Message_Queue,500,null
6170,P10,WORKER,LOCK,R13,Message_Queue,100,null
6185,P3,WORKER,LOCK,R29,Mutex,50,5000
6186,P9,UI,LOCK,R14,Mutex,100,5000
6206,P5,WORKER,LOCK,R25,Mutex,50,null
6208,P5,UI,LOCK,R22,Message_Queue,50,null
6218,P18,WORKER,LOCK,R18,Message_Queue,null,null
6232,P13,WORKER,LOCK,R24,Message_Queue,null,null
6241,P10,WORKER,LOCK,R29,Message_Queue,50,5000
6247,P14,WORKER,LOCK,R8,Mutex,null,null
6249,P19,WORKER,LOCK,R10,Mutex,50,5000
6251,P16,WORKER,LOCK,R22,Mutex,null,null
6270,P13,WORKER,LOCK,R12,Mutex,50,5000
6284,P9,WORKER,LOCK,R23,Message_Queue,100,null
6301,P7,UI,LOCK,R13,Mutex,50,5000
6319,P12,UI,LOCK,R15,Mutex,500,5000
6323,P14,WORKER,LOCK,R8,Mutex,500,null
6326,P10,WORKER,LOCK,R28,Mutex,50,null
6339,P1,WORKER,LOCK,R30,Message_Queue,null,5000
6356,P1,UI,LOCK,R2,Message_Queue,null,5000
6364,P11,UI,LOCK,R29,Message_Queue,50,null
6374,P18,UI,LOCK,R16,Mutex,null,5000
6387,P12,WORKER,LOCK,R9,Message_Queue,100,null
6405,P1,UI,LOCK,R27,Mutex,500,5000
6415,P18,UI,LOCK,R3,Message_Queue,500,null
6417,P15,UI,LOCK,R19,Message_Queue,100,5000
6432,P14,UI,LOCK,R9,Message_Queue,100,null
6440,P10,WORKER,LOCK,R21,Message_Queue,100,null
6454,P11,UI,LOCK,R3,Message_Queue,500,5000
6473,P4,UI,LOCK,R2,Mutex,50,null
6481,P19,UI,LOCK,R25,Mutex,100,5000
6496,P10,WORKER,LOCK,R21,Mutex,100,null
6513,P7,WORKER,LOCK,R3,Mutex,50,5000
6524,P18,WORKER,LOCK,R26,Mutex,null,5000
6535,P17,WORKER,LOCK,R14,Mutex,100,null
6553,P14,WORKER,LOCK,R18,Message_Queue,500,null
6554,P17,UI,LOCK,R6,Mutex,100,null
6559,P1,WORKER,LOCK,R14,Mutex,null,5000
6568,P1,WORKER,LOCK,R19,Mutex,50,null
6570,P2,WORKER,LOCK,R17,Message_Queue,500,null
6587,P10,WORKER,LOCK,R23,Mutex,50,5000
6592,P1,WORKER,LOCK,R22,Mutex,500,null
6610,P1,UI,LOCK,R22,Mutex,null,5000
6614,P14,UI,LOCK,R19,Mutex,500,5000
6631,P1,WORKER,LOCK,R8,Mutex,100,5000
6647,P6,UI,LOCK,R5,Mutex,100,null
6651,P3,UI,LOCK,R10,Mutex,null,null
6662,P10,WORKER,LOCK,R2,Message_Queue,100,5000
6669,P8,UI,LOCK,R13,Mutex,50,5000
6676,P16,WORKER,LOCK,R5,Mutex,50,null
6682,P19,WORKER,LOCK,R25,Message_Queue,100,null
6699,P9,WORKER,LOCK,R1,Mutex,50,5000
6713,P2,WORKER,LOCK,R20,Mutex,null,null
6719,P3,UI,LOCK,R22,Message_Queue,50,null
6725,P9,WORKER,LOCK,R4,Mutex,null,5000
6730,P10,WORKER,LOCK,R2,Mutex,50,null
6741,P12,WORKER,LOCK,R10,Mutex,500,null
6759,P18,UI,LOCK,R30,Message_Queue,null,null
6763,P6,WORKER,LOCK,R6,Message_Queue,null,5000
6778,P10,UI,LOCK,R15,Mutex,500,null
6783,P12,WORKER,LOCK,R4,Message_Queue,500,null
6801,P1,WORKER,LOCK,R4,Message_Queue,100,null
6806,P2,WORKER,LOCK,R1,Message_Queue,500,null
6807,P15,UI,LOCK,R29,Mutex,null,5000
6813,P20,UI,LOCK,R6,Message_Queue,100,5000
6828,P2,WORKER,LOCK,R25,Message_Queue,50,null
6843,P18,UI,LOCK,R17,Message_Queue,500,5000
6851,P19,WORKER,LOCK,R13,Mutex,100,null
6865,P18,WORKER,LOCK,R29,Message_Queue,50,null
6881,P10,UI,LOCK,R27,Mutex,500,null
6889,P8,UI,LOCK,R14,Message_Queue,100,5000
6896,P6,UI,LOCK,R29,Message_Queue,100,null
6911,P4,UI,LOCK,R9,Mutex,500,null
6925,P7,WORKER,LOCK,R2,Message_Queue,500,null
6940,P18,WORKER,LOCK,R21,Message_Queue,50,5000
6947,P20,WORKER,LOCK,R28,Message_Queue,null,5000
6957,P8,UI,LOCK,R1,Message_Queue,100,5000
6966,P17,WORKER,LOCK,R13,Mutex,100,null
6972,P6,UI,LOCK,R9,Message_Queue,500,5000
6991,P4,UI,LOCK,R1,Mutex,500,null
7009,P18,UI,LOCK,R4,Message_Queue,null,5000
7029,P2,UI,LOCK,R22,Mutex,null,null
7035,P15,WORKER,LOCK,R1,Message_Queue,500,5000
7042,P14,UI,LOCK,R9,Message_Queue,500,null
7049,P10,UI,LOCK,R13,Mutex,100,null
7069,P8,UI,LOCK,R28,Mutex,500,5000
7088,P7,WORKER,LOCK,R7,Message_Queue,500,5000
7098,P7,WORKER,LOCK,R26,Mutex,500,null
7112,P16,WORKER,LOCK,R30,Message_Queue,null,5000
7118,P4,UI,LOCK,R5,Message_Queue,null,null
7129,P18,WORKER,LOCK,R9,Mutex,50,null
7136,P2,WORKER,LOCK,R22,Message_Queue,500,null
7146,P6,WORKER,LOCK,R21,Message_Queue,50,null
7159,P19,WORKER,LOCK,R6,Mutex,50,null
7165,P16,WORKER,LOCK,R29,Mutex,50,5000
7182,P8,WORKER,LOCK,R1,Mutex,500,null
7189,P15,WORKER,LOCK,R12,Message_Queue,50,null
7202,P7,UI,LOCK,R7,Mutex,500,5000
7210,P4,WORKER,LOCK,R24,Message_Queue,500,null
7227,P11,WORKER,LOCK,R8,Mutex,50,5000
7237,P2,WORKER,LOCK,R27,Message_Queue,100,5000
7254,P6,WORKER,LOCK,R11,Mutex,100,5000
7266,P20,WORKER,LOCK,R16,Message_Queue,50,null
7277,P12,UI,LOCK,R6,Mutex,500,5000
7287,P11,WORKER,LOCK,R2,Message_Queue,100,5000
7292,P20,WORKER,LOCK,R3,Message_Queue,null,null
7296,P15,WORKER,LOCK,R10,Message_Queue,500,5000
7305,P9,WORKER,LOCK,R17,Mutex,null,null
7307,P18,WORKER,LOCK,R24,Message_Queue,100,5000
7311,P19,UI,LOCK,R5,Mutex,500,null
7331,P14,UI,LOCK,R2,Message_Queue,500,5000
7335,P1,UI,LOCK,R8,Mutex,500,5000
7351,P17,UI,LOCK,R24,Mutex,50,null
7358,P5,UI,LOCK,R13,Message_Queue,500,null
7371,P11,UI,LOCK,R26,Message_Queue,500,null
7377,P4,WORKER,LOCK,R29,Mutex,50,5000
7387,P5,UI,LOCK,R3,Message_Queue,null,null
7393,P9,WORKER,LOCK,R20,Mutex,500,null
7405,P12,UI,LOCK,R25,Message_Queue,100,5000
7412,P20,UI,LOCK,R8,Mutex,100,5000
7419,P5,UI,LOCK,R17,Mutex,500,null
7438,P16,UI,LOCK,R30,Message_Queue,50,null
7453,P13,WORKER,LOCK,R17,Message_Queue,500,5000
7473,P4,UI,LOCK,R12,Message_Queue,100,null
7485,P11,WORKER,LOCK,R3,Mutex,null,5000
7486,P12,UI,LOCK,R21,Message_Queue,50,5000
7498,P8,WORKER,LOCK,R24,Message_Queue,null,5000
7510,P19,WORKER,LOCK,R20,Message_Queue,100,null
7521,P12,WORKER,LOCK,R11,Mutex,100,5000
7523,P17,UI,LOCK,R1,Message_Queue,50,5000
7539,P8,UI,LOCK,R27,Mutex,null,null
7544,P5,WORKER,LOCK,R25,Message_Queue,50,null
7550,P4,WORKER,LOCK,R2,Message_Queue,500,null
7566,P6,WORKER,LOCK,R24,Message_Queue,null,5000
7582,P7,WORKER,LOCK,R15,Message_Queue,null,null
7602,P10,WORKER,LOCK,R14,Mutex,null,null
7616,P15,UI,LOCK,R3,Message_Queue,500,5000
7625,P15,UI,LOCK,R1,Message_Queue,50,null
7645,P3,WORKER,LOCK,R28,Message_Queue,100,null
7657,P12,WORKER,LOCK,R9,Message_Queue,100,5000
7667,P12,UI,LOCK,R16,Mutex,500,5000
7680,P5,WORKER,LOCK,R11,Message_Queue,100,null
7698,P15,WORKER,LOCK,R15,Message_Queue,50,5000
7713,P3,UI,LOCK,R24,Message_Queue,null,null
7725,P19,UI,LOCK,R1,Mutex,100,null
7739,P18,UI,LOCK,R29,Mutex,null,5000
7748,P2,UI,LOCK,R4,Message_Queue,100,5000
7751,P2,WORKER,LOCK,R29,Mutex,100,null
7769,P11,WORKER,LOCK,R1,Mutex,100,null
7776,P9,WORKER,LOCK,R5,Message_Queue,100,null
7778,P20,WORKER,LOCK,R20,Mutex,null,5000
7779,P15,UI,LOCK,R6,Message_Queue,null,5000
7797,P9,WORKER,LOCK,R7,Mutex,50,5000
7799,P2,WORKER,LOCK,R4,Mutex,500,null
7803,P19,UI,LOCK,R28,Message_Queue,500,null
7819,P2,UI,LOCK,R9,Message_Queue,500,null
7836,P4,WORKER,LOCK,R19,Mutex,null,null
7844,P9,WORKER,LOCK,R27,Message_Queue,50,5000
7847,P5,WORKER,LOCK,R21,Mutex,500,5000
7861,P12,WORKER,LOCK,R26,Mutex,100,5000
7877,P7,WORKER,LOCK,R14,Mutex,null,null
7894,P5,WORKER,LOCK,R4,Message_Queue,50,null
7900,P15,UI,LOCK,R9,Message_Queue,500,5000
7906,P17,WORKER,LOCK,R8,Mutex,null,5000
7926,P7,UI,LOCK,R3,Message_Queue,500,5000
7931,P18,UI,LOCK,R25,Message_Queue,50,5000
7947,P16,WORKER,LOCK,R28,Message_Queue,500,5000
7955,P3,UI,LOCK,R27,Mutex,null,null
7974,P8,WORKER,LOCK,R23,Mutex,500,null
7981,P8,WORKER,LOCK,R17,Message_Queue,50,5000
7984,P9,UI,LOCK,R4,Message_Queue,50,5000
7998,P4,UI,LOCK,R24,Message_Queue,50,null
8012,P15,WORKER,LOCK,R24,Mutex,null,5000
8027,P6,WORKER,LOCK,R25,Message_Queue,null,5000
8047,P20,UI,LOCK,R30,Mutex,50,5000
8057,P7,UI,LOCK,R19,Mutex,null,5000
8075,P5,UI,LOCK,R20,Message_Queue,50,null
8090,P6,UI,LOCK,R15,Mutex,50,null
8093,P13,WORKER,LOCK,R29,Mutex,100,null
8103,P2,UI,LOCK,R3,Mutex,100,5000
8111,P10,UI,LOCK,R24,Mutex,100,5000
8130,P17,UI,LOCK,R7,Mutex,500,null
8148,P16,UI,LOCK,R6,Mutex,null,5000
8168,P10,WORKER,LOCK,R18,Mutex,100,null
8186,P16,UI,LOCK,R22,Mutex,500,5000
8187,P18,WORKER,LOCK,R17,Mutex,null,null
8195,P14,WORKER,LOCK,R13,Message_Queue,100,5000
8201,P5,WORKER,LOCK,R28,Mutex,500,5000
8216,P15,UI,LOCK,R11,Message_Queue,null,null
8223,P4,UI,LOCK,R14,Message_Queue,100,null
8225,P16,UI,LOCK,R3,Mutex,50,5000
8229,P2,WORKER,LOCK,R25,Mutex,100,5000
8233,P4,UI,LOCK,R30,Message_Queue,100,null
8245,P1,UI,LOCK,R15,Message_Queue,50,null
8262,P8,WORKER,LOCK,R20,Message_Queue,500,5000
8268,P1,UI,LOCK,R15,Message_Queue,100,null
8271,P20,WORKER,LOCK,R30,Mutex,500,null
8280,P13,WORKER,LOCK,R1,Mutex,500,5000
8296,P14,UI,LOCK,R14,Message_Queue,100,null
8314,P5,UI,LOCK,R16,Mutex,50,null
8315,P18,WORKER,LOCK,R28,Mutex,100,null
8331,P12,WORKER,LOCK,R3,Message_Queue,100,5000
8340,P2,WORKER,LOCK,R29,Mutex,100,5000
8342,P10,WORKER,LOCK,R3,Message_Queue,null,5000
8356,P19,UI,LOCK,R11,Mutex,100,null
8373,P11,WORKER,LOCK,R11,Mutex,100,null
8376,P9,WORKER,LOCK,R10,Message_Queue,500,5000
8384,P1,UI,LOCK,R10,Message_Queue,50,null
8389,P4,UI,LOCK,R20,Message_Queue,500,5000
8393,P18,WORKER,LOCK,R17,Message_Queue,100,5000
8411,P1,UI,LOCK,R20,Message_Queue,50,5000
8423,P15,WORKER,LOCK,R23,Mutex,100,null
8424,P20,UI,LOCK,R1,Mutex,100,null
8444,P6,WORKER,LOCK,R28,Message_Queue,100,5000
8461,P17,WORKER,LOCK,R22,Message_Queue,50,5000
8476,P1,UI,LOCK,R12,Mutex,500,5000
8491,P18,WORKER,LOCK,R25,Message_Queue,null,null
8498,P12,UI,LOCK,R10,Message_Queue,500,5000
8518,P2,UI,LOCK,R16,Mutex,100,null
8525,P11,UI,LOCK,R10,Message_Queue,50,5000
8544,P16,UI,LOCK,R14,Message_Queue,500,null
8551,P13,UI,LOCK,R3,Mutex,100,5000
8562,P3,WORKER,LOCK,R26,Message_Queue,50,5000
8568,P10,WORKER,LOCK,R29,Mutex,500,null
8580,P17,WORKER,LOCK,R30,Message_Queue,100,5000
8595,P2,UI,LOCK,R6,Mutex,50,5000
8615,P20,UI,LOCK,R8,Message_Queue,50,5000
8620,P15,WORKER,LOCK,R10,Message_Queue,50,5000
8623,P13,UI,LOCK,R12,Message_Queue,500,5000
8641,P10,UI,LOCK,R21,Mutex,500,null
8654,P13,WORKER,LOCK,R22,Message_Queue,null,null
8661,P5,UI,LOCK,R1,Message_Queue,null,null
8674,P2,WORKER,LOCK,R11,Message_Queue,null,5000
8685,P20,WORKER,LOCK,R19,Mutex,null,5000
8700,P12,WORKER,LOCK,R1,Message_Queue,500,5000
8714,P11,UI,LOCK,R22,Mutex,500,5000
8729,P2,WORKER,LOCK,R10,Message_Queue,100,null
8747,P9,UI,LOCK,R9,Message_Queue,100,null
8748,P6,UI,LOCK,R1,Mutex,100,5000
8754,P20,WORKER,LOCK,R16,Message_Queue,50,5000
8769,P15,UI,LOCK,R17,Mutex,100,null
8773,P8,UI,LOCK,R30,Mutex,500,null
8787,P8,WORKER,LOCK,R21,Mutex,500,null
8806,P3,WORKER,LOCK,R4,Mutex,100,null
8812,P5,WORKER,LOCK,R22,Message_Queue,50,null
8825,P5,UI,LOCK,R24,Mutex,500,5000
8833,P15,UI,LOCK,R1,Message_Queue,50,null
8853,P4,WORKER,LOCK,R16,Mutex,500,null
8855,P9,WORKER,LOCK,R1,Mutex,100,null
8873,P18,UI,LOCK,R23,Message_Queue,null,null
8879,P14,UI,LOCK,R25,Message_Queue,null,5000
8881,P13,UI,LOCK,R8,Message_Queue,100,5000
8887,P9,WORKER,LOCK,R22,Mutex,500,null
8899,P2,UI,LOCK,R9,Mutex,500,null
8905,P1,WORKER,LOCK,R27,Message_Queue,50,5000
8909,P18,WORKER,LOCK,R2,Mutex,500,5000
8914,P15,WORKER,LOCK,R29,Message_Queue,100,5000
8924,P2,UI,LOCK,R19,Message_Queue,100,5000
8930,P1,WORKER,LOCK,R8,Message_Queue,500,null
8945,P17,UI,LOCK,R15,Mutex,50,null
8947,P17,UI,LOCK,R11,Message_Queue,500,null
8954,P2,UI,LOCK,R22,Message_Queue,500,5000
8964,P17,UI,LOCK,R30,Message_Queue,50,null
8984,P19,UI,LOCK,R26,Mutex,100,5000
9001,P11,WORKER,LOCK,R3,Mutex,null,5000
9002,P6,WORKER,LOCK,R20,Mutex,50,null
9019,P10,WORKER,LOCK,R7,Message_Queue,100,null
9022,P19,WORKER,LOCK,R30,Mutex,null,null
9037,P13,WORKER,LOCK,R22,Message_Queue,50,5000
9049,P11,WORKER,LOCK,R4,Message_Queue,50,5000
9064,P7,UI,LOCK,R18,Mutex,null,5000
9081,P7,WORKER,LOCK,R12,Message_Queue,50,null
9084,P4,UI,LOCK,R8,Mutex,100,5000
9088,P19,UI,LOCK,R3,Mutex,100,null
9092,P11,WORKER,LOCK,R18,Mutex,50,null
9106,P2,UI,LOCK,R12,Mutex,500,5000
9115,P10,WORKER,LOCK,R6,Message_Queue,100,null
9116,P19,UI,LOCK,R5,Mutex,500,null
9136,P13,WORKER,LOCK,R27,Mutex,100,5000
9143,P5,UI,LOCK,R10,Mutex,null,null
9149,P11,UI,LOCK,R21,Mutex,500,5000
9161,P5,WORKER,LOCK,R14,Message_Queue,null,5000
9164,P5,WORKER,LOCK,R29,Mutex,100,5000
9182,P14,UI,LOCK,R16,Mutex,50,null
9189,P6,WORKER,LOCK,R18,Mutex,500,null
9209,P14,WORKER,LOCK,R2,Mutex,50,null
9225,P1,WORKER,LOCK,R19,Mutex,50,5000
9243,P15,WORKER,LOCK,R4,Message_Queue,500,5000
9250,P15,WORKER,LOCK,R15,Mutex,50,5000
9270,P10,UI,LOCK,R13,Message_Queue,100,null
9271,P1,UI,LOCK,R10,Message_Queue,100,5000
9283,P16,WORKER,LOCK,R9,Mutex,null,null
9298,P13,UI,LOCK,R19,Message_Queue,500,5000
9301,P10,UI,LOCK,R23,Message_Queue,100,null
9307,P13,UI,LOCK,R30,Message_Queue,500,null
9314,P16,WORKER,LOCK,R4,Message_Queue,50,5000
9328,P12,UI,LOCK,R17,Mutex,500,5000
9347,P2,UI,LOCK,R30,Message_Queue,100,null
9348,P14,WORKER,LOCK,R25,Mutex,null,null
9361,P13,UI,LOCK,R20,Message_Queue,500,5000
9381,P12,WORKER,LOCK,R12,Message_Queue,500,5000
9399,P13,WORKER,LOCK,R14,Message_Queue,50,null
9413,P14,WORKER,LOCK,R4,Message_Queue,500,5000
9423,P19,WORKER,LOCK,R14,Mutex,null,5000
9425,P10,UI,LOCK,R15,Mutex,null,5000
9431,P20,UI,LOCK,R3,Message_Queue,500,null
9450,P3,UI,LOCK,R8,Message_Queue,50,null
9454,P18,WORKER,LOCK,R1,Mutex,null,5000
9458,P16,UI,LOCK,R8,Mutex,null,null
9464,P7,UI,LOCK,R4,Mutex,100,null
9471,P8,WORKER,LOCK,R9,Mutex,null,null
9491,P17,WORKER,LOCK,R12,Mutex,500,null
9497,P13,UI,LOCK,R8,Mutex,50,null
9516,P10,WORKER,LOCK,R21,Mutex,50,null
9527,P19,UI,LOCK,R2,Message_Queue,500,5000
9542,P15,UI,LOCK,R5,Mutex,500,5000
9561,P16,WORKER,LOCK,R8,Mutex,50,null
9569,P11,WORKER,LOCK,R13,Mutex,null,5000
9574,P18,WORKER,LOCK,R15,Message_Queue,100,5000
9585,P4,UI,LOCK,R8,Message_Queue,100,null
9598,P7,WORKER,LOCK,R27,Message_Queue,50,5000
9618,P11,UI,LOCK,R28,Mutex,100,5000
9625,P15,UI,LOCK,R6,Mutex,50,null
9641,P20,UI,LOCK,R17,Message_Queue,null,null
9647,P8,WORKER,LOCK,R9,Mutex,100,null
9651,P4,UI,LOCK,R15,Mutex,100,5000
9667,P10,UI,LOCK,R6,Message_Queue,100,5000
9672,P4,UI,LOCK,R14,Message_Queue,null,null
9676,P4,UI,LOCK,R25,Message_Queue,500,null
9682,P16,UI,LOCK,R6,Mutex,null,null
9702,P15,UI,LOCK,R24,Mutex,500,5000
9710,P7,UI,LOCK,R11,Message_Queue,50,5000
9724,P12,UI,LOCK,R13,Message_Queue,500,5000
9743,P10,WORKER,LOCK,R13,Mutex,null,5000
9748,P4,UI,LOCK,R22,Mutex,500,null
9764,P5,UI,LOCK,R23,Message_Queue,null,5000
9771,P1,WORKER,LOCK,R27,Mutex,50,null
9775,P13,WORKER,LOCK,R12,Message_Queue,500,null
9776,P19,WORKER,LOCK,R4,Message_Queue,100,5000
9777,P19,WORKER,LOCK,R10,Mutex,500,null
9782,P13,WORKER,LOCK,R16,Mutex,null,5000
9789,P13,WORKER,LOCK,R10,Message_Queue,100,null
9803,P5,UI,LOCK,R8,Message_Queue,100,5000
9823,P2,WORKER,LOCK,R17,Message_Queue,500,5000
9829,P18,WORKER,LOCK,R14,Mutex,null,null
9831,P15,WORKER,LOCK,R13,Mutex,null,5000
9838,P16,WORKER,LOCK,R16,Message_Queue,500,null
9850,P16,WORKER,LOCK,R1,Mutex,500,null
9863,P20,WORKER,LOCK,R21,Mutex,100,5000
9866,P11,UI,LOCK,R9,Message_Queue,100,null
9881,P18,WORKER,LOCK,R4,Message_Queue,500,null
9895,P10,UI,LOCK,R13,Mutex,100,5000
9903,P11,UI,LOCK,R4,Mutex,null,null
9906,P8,WORKER,LOCK,R13,Mutex,100,null
9917,P7,WORKER,LOCK,R15,Message_Queue,50,null
9937,P14,WORKER,LOCK,R30,Message_Queue,50,null
9944,P17,WORKER,LOCK,R25,Mutex,500,null
9947,P20,WORKER,LOCK,R4,Mutex,500,5000
9951,P13,UI,LOCK,R21,Mutex,null,5000
9965,P10,WORKER,LOCK,R21,Message_Queue,500,5000
9979,P13,UI,LOCK,R23,Mutex,50,null
9986,P8,WORKER,LOCK,R30,Message_Queue,100,5000
10006,P8,UI,LOCK,R21,Message_Queue,500,5000
10008,P12,UI,LOCK,R5,Mutex,500,null
10024,P3,WORKER,LOCK,R19,Message_Queue,500,null
10034,P19,WORKER,LOCK,R11,Message_Queue,500,null
10038,P3,WORKER,LOCK,R4,Mutex,50,null
10048,P20,WORKER,LOCK,R11,Message_Queue,100,null
10056,P17,WORKER,LOCK,R27,Message_Queue,500,5000
10072,P4,WORKER,LOCK,R10,Message_Queue,50,5000
10085,P18,UI,LOCK,R12,Mutex,null,5000
10091,P6,UI,LOCK,R21,Mutex,100,null
10094,P14,UI,LOCK,R12,Mutex,50,null
10096,P7,WORKER,LOCK,R5,Message_Queue,50,5000
10106,P9,WORKER,LOCK,R9,Mutex,null,null
10110,P16,WORKER,LOCK,R9,Message_Queue,50,null
10114,P16,UI,LOCK,R8,Message_Queue,100,null
10118,P18,UI,LOCK,R4,Message_Queue,500,5000
10120,P2,UI,LOCK,R4,Mutex,500,5000
10137,P11,UI,LOCK,R5,Message_Queue,500,null
10140,P14,WORKER,LOCK,R28,Message_Queue,100,5000
10157,P7,UI,LOCK,R18,Mutex,500,null
10175,P15,UI,LOCK,R23,Mutex,500,5000
10188,P15,WORKER,LOCK,R19,Mutex,50,null
10207,P16,WORKER,LOCK,R10,Mutex,null,5000
10222,P9,UI,LOCK,R25,Message_Queue,null,null
10235,P20,UI,LOCK,R27,Message_Queue,null,5000
10237,P6,WORKER,LOCK,R9,Message_Queue,null,5000
10241,P8,UI,LOCK,R8,Mutex,500,5000
10254,P10,UI,LOCK,R15,Mutex,50,5000
10262,P19,WORKER,LOCK,R2,Mutex,50,5000
10271,P11,WORKER,LOCK,R14,Mutex,null,5000
10273,P15,UI,LOCK,R2,Mutex,500,5000
10283,P12,UI,LOCK,R4,Mutex,null,5000
10288,P15,WORKER,LOCK,R24,Mutex,null,5000
10300,P5,WORKER,LOCK,R23,Message_Queue,500,5000
10306,P13,WORKER,LOCK,R29,Message_Queue,50,5000
10325,P3,UI,LOCK,R7,Mutex,50,null
10342,P11,UI,LOCK,R15,Mutex,50,5000
10362,P3,UI,LOCK,R25,Message_Queue,100,null
10378,P3,WORKER,LOCK,R25,Message_Queue,null,null
10388,P3,WORKER,LOCK,R20,Mutex,null,5000
10393,P6,UI,LOCK,R6,Mutex,500,5000
10395,P16,UI,LOCK,R15,Message_Queue,null,null
10408,P20,UI,LOCK,R12,Mutex,500,5000
10415,P19,WORKER,LOCK,R12,Mutex,500,5000
10429,P11,UI,LOCK,R7,Mutex,500,null
10434,P14,UI,LOCK,R30,Mutex,500,null
10451,P15,WORKER,LOCK,R2,Mutex,100,5000
10468,P18,UI,LOCK,R15,Mutex,null,null
10476,P3,UI,LOCK,R5,Message_Queue,500,5000
10490,P9,UI,LOCK,R10,Mutex,null,5000
